filename,notes,authors,licenses,urls
"head/heads/human/male/walk.png","original head by Redshrike, tweaks by BenCreating, modular version by bluecarrot16","bluecarrot16, Benjamin K. Smith (BenCreating), Stephen Challener (Redshrike)","OGA-BY 3.0, CC-BY-SA 3.0, GPL 3.0","https://opengameart.org/content/liberated-pixel-cup-lpc-base-assets-sprites-map-tiles, https://opengameart.org/content/lpc-character-bases"
"head/faces/male/neutral/walk.png","Original by Redshrike, Expressions by ElizaWy, mapped to all frames by JaidynReiman","JaidynReiman, ElizaWy, Stephen Challener (Redshrike)","OGA-BY 3.0","https://github.com/ElizaWy/LPC/tree/main/Characters/Head, https://opengameart.org/content/ulpc-expanded-expressions"
"body/wound/brain/walk/red.png","","Benjamin K. Smith (BenCreating), Sander Frenken (castelonia)","CC-BY-SA 3.0, GPL 3.0","https://opengameart.org/content/lpc-zombie"
"body/wound/eye_left/walk.png","Zombie by BenCreating, commissioned by castelonia; flipped (left eye) variant by JaidynReiman","JaidynReiman, Benjamin K. Smith (BenCreating), Sander Frenken (castelonia)","CC-BY-SA 3.0, GPL 3.0","https://opengameart.org/content/lpc-zombie"
"body/wound/eye_right/walk.png","Zombie by BenCreating, commissioned by castelonia","Benjamin K. Smith (BenCreating), Sander Frenken (castelonia)","CC-BY-SA 3.0, GPL 3.0","https://opengameart.org/content/lpc-zombie"
"body/wound/arm/walk.png","","Benjamin K. Smith (BenCreating), Sander Frenken (castelonia)","CC-BY-SA 3.0, GPL 3.0","https://opengameart.org/content/lpc-zombie"
"shadow/adult/walk.png","Original by Dr. Jamgo, jump/sit/emote/run/revised combat by JaidynReiman","drjamgo@hotmail.com, JaidynReiman","CC0","https://opengameart.org/content/shadow-for-lpc-sprite"
"arms/wrists/cuffs/male/walk.png","Original by bluecarrot16, climb/jump/sit/emote/run by JaidynReiman","bluecarrot16, JaidynReiman","OGA-BY 3.0","https://opengameart.org/content/lpc-pirates"
"shoulders/mantal/male/walk.png","Original by bluecarrot16, climb/jump/sit/emote/run by JaidynReiman","bluecarrot16, JaidynReiman","OGA-BY 3.0, GPL 3.0","https://opengameart.org/content/lpc-pirates"
"hair/idol/adult/walk.png","Original CC0 by Thecilekli. Edited by bluecarrot16 and ElizaWy. Animated by ElizaWy.","thecilekli, bluecarrot16","CC0","https://opengameart.org/content/lpc-korean-idol-hairstyle-male-with-12-colors, https://opengameart.org/content/lpc-hair, https://github.com/ElizaWy/LPC/tree/main/Characters/Hair, https://opengameart.org/content/lpc-expanded-sit-run-jump-more"
"body/bodies/zombie/walk/zombie.png","","Stephen Challener (Redshrike), Johannes Sjölund (wulax), Sander Frenken (castelonia), Benjamin K. Smith (BenCreating), bluecarrot16","OGA-BY 3.0, CC-BY-SA 3.0, GPL 3.0","https://opengameart.org/content/liberated-pixel-cup-lpc-base-assets-sprites-map-tiles, https://opengameart.org/content/lpc-medieval-fantasy-character-sprites, https://opengameart.org/content/lpc-zombie, https://opengameart.org/content/lpc-character-bases"
"legs/pants2/male/walk.png","original overalls by ElizaWy, base animations adapted from v3 overalls by bluecarrot16, pants by JaidynReiman","JaidynReiman, ElizaWy, Bluecarrot16, Johannes Sjölund (wulax), Stephen Challener (Redshrike)","OGA-BY 3.0, GPL 3.0","https://github.com/ElizaWy/LPC/tree/main/Characters/Clothing, https://opengameart.org/content/lpc-expanded-sit-run-jump-more, https://opengameart.org/content/lpc-expanded-pants"
"weapon/sword/arming/universal/fg/walk/gold.png","","ElizaWy; walk and down by JaidynReiman","OGA-BY 3.0","https://github.com/ElizaWy/LPC/tree/main/Characters/Props/Sword%2001%20-%20Arming%20Sword, https://opengameart.org/content/lpc-expanded-sit-run-jump-more"
"head/nose/straight/adult/walk.png","","Thane Brimhall (pennomi), laetissima, Matthew Krohn (makrohn)","GPL 3.0, CC-BY-SA 3.0","https://opengameart.org/content/lpc-base-character-expressions"
